단어,count
본인,1658
통장,601
은행,590
말씀,546
계좌,544
저희,522
사건,478
금융,430
확인,361
조사,349
피해자,344
때문,325
부분,321
하나,293
진행,272
사용,270
전화,249
번호,222
정도,215
이거,211
겁니다,204
수사,200
명의,198
개설,195
자금,195
진술,181
농협,176
개인,174
카드,167
녹취,167
연락,164
피해,163
처리,162
감독원,162
경우,154
사람,149
정보,149
내용,146
검사,144
다음,142
입증,138
직원,136
불법,130
가능,124
수사관,122
만약,121
입출금,118
얘기,118
통화,113
사기,112
대출,110
범죄,108
추적,107
선생,105
도용,102
자산,100
시간,100
이게,100
보안,97
건데,95
어디,95
이해,94
거래,92
금액,91
적금,90
그거,90
서울,87
우리,86
이번,85
설명,84
얼마,82
동결,81
검거,80
유출,80
가지,74
발견,74
대포,74
압수,73
조치,73
보험,72
지검,72
검찰,72
발생,71
거기,71
안전,70
자료,70
신용,69
국가,69
자체,68
여기,66
코드,66
상태,65
이상,65
조회,64
등록,63
생각,63
필요,62
이동,61
이용,60
신한,60
증거,59
사실,58
질문,58
현장,58
국민,58
공문,57
서류,56
방문,56
가요,56
입금,56
중앙,55
지금,55
성함,55
검찰청,55
재산,55
부탁,54
메모,54
과정,53
백만,52
담당,50
발급,50
판매,49
상황,49
추가,49
소환장,49
인터넷,48
핸드폰,48
문제,47
신분증,47
국민은행,47
최근,47
경기도,46
청약,46
기록,46
업무,46
현금,46
걱정,45
휴대폰,45
용도,45
기재,44
그쪽,44
관련,44
기억,43
잠시,43
전달,41
그게,41
건가요,41
연루,41
정확,41
협조,40
지점,40
중요,39
분실,39
이유,39
천만,39
일당,39
접수,38
이름,38
강수철,38
접속,37
신분,36
사이트,36
신청,36
일반,35
아이피,35
겁니까,35
사항,35
방법,35
회사,35
광주,35
제출,34
데이터,34
복구,34
그때,33
연결,33
고소,33
금전,33
지급,33
신청서,33
걸로,33
물건,32
발행,32
현재,32
동의,32
원상,31
주소,31
발부,31
나라,31
결과,31
사이,30
정지,30
나중,30
고객,30
대리,30
자택,30
첨단,30
법원,30
해당,29
내역,29
미만,29
와이파이,29
출신,29
이체,28
오늘,28
양도,28
모바일,28
합법,28
주민,28
입장,28
정상,28
가방,27
보호,27
주변,26
유선,26
광명시,26
직장,26
약식,26
고발,26
직접,26
절차,26
지방,26
친구,26
네이버,26
그건,25
체크,25
그것,25
문자,25
기관,25
기업,25
날짜,25
전라도,25
남성,25
집행,25
포함,25
가족,25
해지,24
판단,24
거주,24
지역,24
공문서,24
김태환,24
혐의점,24
발설,24
뱅킹,24
부모,23
처음,23
이것,23
경찰,23
보상,23
인출,23
마지막,23
동안,23
자분,23
종결,23
비밀,23
작년,22
근무,22
주택,22
피싱,22
작성,22
일차,22
마무리,22
내일,22
사진,22
대로,22
로그인,22
대략,22
분류,21
예금,21
금일,21
안건,21
무혐,21
카페,21
당시,21
소환,21
일부,21
건데요,21
텐데,21
김준우,21
고지,21
자리,21
제외,21
건지,20
어머니,20
부산,20
최대한,20
지인,20
도착,20
카카오,20
인계,20
유지,20
목소리,20
조직원,20
여권,20
인지,20
가입,20
개월,20
클릭,20
해외,20
저기,20
기단,20
창구,20
대신,19
종료,19
시도,19
물품,19
주위,19
보이스,19
출석,19
중고,19
변경,18
파악,18
김용식,18
상관,18
센터,18
대기,18
대량,18
계설,18
요구,18
증서,18
파일,18
증권,17
한도,17
기타,17
이자,17
귀하,17
주범,17
그걸,17
대가,17
처분,17
내방,17
계속,17
마이너스,17
김인수,17
수표,16
달러,16
휴먼,16
연류,16
시점,16
금요일,16
최대,16
기존,16
홈페이지,16
이후,16
환수,16
수고,16
혐의,16
신고,16
입력,16
자유,15
커피,15
차후,15
전반,15
공판,15
국고,15
누구,15
채택,15
인사,15
경찰서,15
뱅크,15
침해,15
유산,15
증명,15
민원,15
생년월일,15
처벌,15
잔고,15
업체,14
기간,14
남편,14
기계,14
참고,14
내사,14
동일,14
법정,14
여섯,14
대조,14
공간,14
이걸,14
해약,14
고요,14
사례,14
이하,14
관리,13
깡통,13
등급,13
차단,13
준비,13
한글,13
이외,13
대상자,13
나이,13
범죄자,13
학교,13
파견,13
공무,13
조금,13
불량,13
삼자,13
마을,12
비회원,12
도주,12
재판,12
시작,12
소속,12
음성,12
복귀,12
완료,12
공범,12
언제,12
이력,12
현대,12
지시,12
토대,12
영장,12
발송,12
책임,12
아이디,12
경남,12
검색,12
수원,12
소지,12
잡음,12
거짓,12
성립,12
예정,12
요청,12
대부,12
대구,12
주소창,12
숫자,12
통신,12
전자,11
기준,11
여부,11
타인,11
형식,11
여성,11
상호,11
전국,11
감독,11
자동,11
관계,11
뭔지,11
열람,11
수수료,11
간주,11
예전,11
사무실,11
실질,11
위치,11
이쪽,11
담보,11
잔액,11
나머지,11
군데,10
미래,10
내선,10
구속,10
비용,10
종사,10
급여,10
국세청,10
휴면,10
서명,10
문장,10
협의,10
마찬가지,10
선택,10
이내,10
휴대,10
생활,10
씨티,10
폐기,10
강압,10
오만원,10
문의,10
은닉,10
상담,10
김혜선,10
중간,10
화면,10
정리,10
자신,10
공인,10
주장,10
얘깁니다,10
특급,10
저장,10
라면,10
부여,10
방해,10
실명,10
가담,9
증명서,9
지정,9
불안,9
왼쪽,9
인증,9
과장,9
출금,9
제기,9
답변,9
연금,9
출근,9
상환,9
요지,9
유도,9
출구,9
학생,9
의심,9
산부인과,9
명의자,9
에스,9
금고,9
대답,9
월요일,9
동영상,9
최종,9
고가,9
오만,9
예탁,9
커피숍,9
용지,9
김기훈,9
대화,9
이메일,9
전산,9
해킹,9
합동,9
연관,8
명령,8
캐피탈,8
단순,8
이건,8
여자,8
지원,8
전체,8
의거,8
동료,8
압류,8
바이러스,8
지갑,8
불편,8
만요,8
김강호,8
위조,8
박성재,8
누가,8
요거,8
일련,8
기기,8
주일,8
만기,8
금감원,8
최고,8
전화기,8
모니터링,8
상사,8
김희철,8
구매,8
영수증,8
지폐,8
취하,8
요즘,8
변호사,8
공개,8
철산동,8
회원,8
실례,8
설정,8
신한은행,7
기본,7
원서,7
제삼자,7
광명,7
하단,7
판결,7
남자,7
부서,7
상대,7
마디,7
박스,7
이전,7
기입,7
해결,7
소요,7
페이지,7
아이폰,7
기분,7
위원회,7
지에스,7
담당자,7
대학교,7
얼굴,7
직급,7
이의,7
회수,7
팩스,7
보고,7
가게,7
함구,7
일자,7
고발장,7
고생,7
이관,7
추후,7
이사,7
모양,7
체포,7
펀드,7
세탁,7
목적,7
사업,7
형제,7
녹음,7
범위,7
도중,7
당사자,7
용의자,7
이어폰,7
김영숙,6
알약,6
정부,6
자기,6
근처,6
형성,6
삭제,6
장소,6
소음,6
저축,6
안양,6
다수,6
방식,6
차이,6
정태준,6
수원시,6
각각,6
범로,6
올해,6
보상금,6
표시,6
여행,6
만큼,6
상품,6
하이픈,6
손가락,6
구월,6
특수,6
오후,6
사고,6
진술서,6
주의,6
김민수,6
잠적,6
옛날,6
거주지,6
효력,6
아이,6
행원,6
도움,6
신뢰,6
생성,6
알집,6
투명,6
보고서,6
무엇,6
수입,6
제도,6
보도,6
토토,6
원래,6
오른쪽,6
금지,6
주식,6
만일,6
병원,6
신랑,6
보호법,6
플러스,6
내부,6
목요일,6
결정,6
임의,6
명만,6
확정,6
대검찰청,6
실시,6
대부분,6
확신,6
오류,6
김명섭,6
연람,6
자필,6
발언,6
위증,6
마그네,6
혼자,6
단속,6
출력,6
보통,6
배상,5
흔적,5
번복,5
허위,5
노트,5
철산,5
퇴직금,5
과거,5
단돈,5
뭔가,5
가해자,5
김명희,5
승급,5
시티,5
컴퓨터,5
추정,5
앞전,5
소송,5
머리,5
출국,5
판정,5
예치금,5
휴학,5
등록증,5
형태,5
일반인,5
피의자,5
하루,5
중순,5
외출,5
누군가,5
실수,5
칠월,5
공모자,5
배터리,5
입출,5
인증서,5
구체,5
위증죄,5
상식,5
마산,5
의사,5
보유,5
버튼,5
이현주,5
그분,5
공무원,5
중심,5
퇴근,5
공유,5
공공,5
지참,5
형법,5
진위,5
분안,5
프로,5
가운데,5
수색,5
발표,5
사유,5
취업,5
사장,5
예치,5
서초구,5
거래법,5
복사본,5
신상,5
토탈,5
예의,5
오해,5
김영석,5
스케줄,5
대리인,5
연고지,5
짜증,5
이익,5
지난주,5
스물,5
사정,5
비산동,5
직업,5
연동,5
체크카드,5
본사,5
형사,5
저번,5
여유,4
유의,4
제일,4
규정,4
조윤석,4
스스로,4
주요,4
절대,4
명품,4
사전,4
권한,4
이행,4
뉴스,4
양해,4
울산,4
가정,4
안양시,4
경위,4
눈치,4
기소,4
퇴사,4
김찬,4
약정,4
원칙,4
대한민국,4
반대,4
외환은행,4
방조죄,4
월급,4
내지,4
취소,4
유에스,4
소리,4
팀장,4
당부,4
평소,4
사회,4
건물,4
카카오톡,4
심증,4
범인,4
케이,4
가량,4
인상착의,4
사랑,4
김명식,4
복사,4
조정,4
학자금,4
강제,4
전주,4
통신사,4
의정부,4
상세,4
제일은행,4
이걸로,4
삼성,4
수술,4
부팅,4
골프,4
우리은행,4
대상,4
소득,4
감안,4
골목,4
언론,4
메모지,4
법인,4
선상,4
육안,4
범행,4
행동,4
이야기,4
위반,4
장난,4
측면,4
채권,4
전용,4
육성,4
구요,4
접수인,4
통보,4
대표,4
온라인,4
정신,4
최성우,4
신경,4
이틀,4
별도,4
복제,4
악용,4
메일,4
매입,4
대전,4
도식,4
해명,4
외부,4
정기,4
급수,4
그걸로,4
한국,4
포털,4
보호자,4
스마트,4
오전,4
저녁,4
가중,4
볼펜,4
운영,4
경제,4
도난,4
실시간,4
상단,4
확보,4
문래동,4
삼월,4
향후,4
사이버,4
관주,4
기종,4
예금자,4
방침,4
최민경,4
단독,4
공란,4
상향,4
명령서,4
파란색,4
등본,4
약속,4
지능,4
심사,4
생명,4
면허증,4
뒷자리,4
신중,4
개입,4
사본,4
동시,4
역추적,4
합의,4
우측,4
서울시,3
김민준,3
마음,3
김호철,3
이경호,3
백화점,3
제공,3
검색창,3
은폐,3
선배,3
김강우,3
행사,3
지점장,3
팔달구,3
사인,3
남부,3
제목,3
며칠,3
졸업,3
바깥,3
입구,3
버스,3
조합,3
송금,3
공부,3
수령,3
마당,3
서초동,3
전부,3
판매자,3
집중,3
지난번,3
신규,3
교회,3
결제,3
데이트,3
법률,3
최소한,3
엄마,3
문희경,3
짐작,3
이율,3
목록,3
기범,3
파산,3
김성우,3
주머니,3
강력,3
편차,3
계산,3
유포,3
운전,3
청원,3
안녕,3
이종수,3
동원,3
취급,3
태도,3
원격,3
전반부,3
한계,3
누군지,3
대처,3
목동,3
재학,3
일시,3
현제,3
김형석,3
영등포구,3
독서실,3
현실,3
봉투,3
계열,3
연락처,3
잔량,3
배부,3
이분,3
의미,3
카톡,3
소액,3
차장,3
보관,3
매체,3
청구,3
은행원,3
수중,3
검수,3
세부,3
실장,3
근거,3
방지,3
우선,3
현시점,3
캡쳐,3
적용,3
시기,3
엘지,3
다운,3
소유,3
여덟,3
다달,3
일억,3
문서,3
소개,3
실물,3
외환,3
차례,3
택시,3
정우석,3
도박,3
부재,3
어제,3
복도,3
숙지,3
항고,3
등기,3
어머님,3
사가정,3
안내,3
혼선,3
명세서,3
최초,3
걸리,3
수집,3
일정,3
단어,3
다면,3
동행,3
비트,3
신인철,3
우려,3
부산은행,3
전라남도,3
얘긴데,3
구입,3
애기,3
유사,3
하지만,3
원리,3
권리,3
나시,3
순차,3
건도,3
롯데,3
일치,3
아침,3
아래,3
편의,3
지도,3
옥션,3
김광호,3
여행사,3
고유,3
법자,3
재발,3
회피,3
전송,3
조심,3
직책,3
용어,3
서부,3
이중,3
경기,3
고등학교,3
서비스,3
단위,3
직인,3
중대,3
귀가,3
종사자,3
박상욱,3
위험,3
실비,3
취기,3
태생,3
네모,3
신원,3
전직,3
김현수,3
일천,3
명함,3
갤럭시,3
안쪽,3
원증,3
명패,3
매매,3
확인서,2
배정,2
교역,2
감사문,2
상당,2
좌측,2
보장,2
입수,2
어려움,2
한마디,2
시납,2
김두현,2
오목교,2
연체,2
과제,2
새벽,2
노출,2
어딘지,2
비씨카드,2
신지,2
서영일,2
권사,2
광범위,2
유념,2
인계동,2
신호,2
단말기,2
요점,2
매물,2
나주,2
위협,2
분당,2
착각,2
자본,2
주지,2
가입자,2
친인,2
구금,2
안일,2
공모,2
신승용,2
자나,2
부근,2
아무것,2
한정,2
역정,2
금품,2
신속,2
존재,2
영화,2
숙소,2
투어,2
태국,2
해외여행,2
척분,2
증빙,2
회부,2
복제기,2
원인,2
방음,2
도청,2
특정,2
밴드,2
범분,2
코인,2
활용,2
로테이션,2
알바,2
극장,2
도피,2
호칭,2
계장,2
고소장,2
확산,2
부장,2
상부,2
총장,2
행위,2
의견,2
미성년자,2
경찰청,2
거짓말,2
지칭,2
출입국,2
경험,2
반차,2
충격,2
경중,2
은행권,2
앞면,2
시민,2
증거품,2
전액,2
결론,2
영업,2
대금,2
수도,2
다거,2
문래,2
교통,2
공조,2
어딜,2
경력,2
벌금형,2
벌금,2
증거인,2
호주머니,2
미터,2
바깥쪽,2
점검,2
오차,2
협박,2
관할,2
아버님,2
최별,2
플로,2
보증,2
납부,2
검출,2
당하,2
전과,2
토지,2
이요,2
사원,2
동의서,2
예상,2
중립,2
실적,2
일만,2
오빠,2
앞자리,2
이싱,2
이때,2
손해,2
수갑,2
무단,2
지장,2
색깔,2
쌍점,2
요번,2
사범,2
발자국,2
회복,2
이것저것,2
기능,2
선임,2
영어,2
케이스,2
곤란,2
친절,2
포인트,2
아홉,2
링크,2
특별,2
질병,2
건강,2
고합,2
글자,2
위주,2
한참,2
조성,2
나기,2
실제,2
인명,2
스피커,2
진짜,2
시행령,2
촉진,2
채무,2
사법,2
티켓,2
참석,2
품목,2
경로,2
수천,2
수익금,2
평일,2
충전기,2
화요일,2
갠가,2
경향,2
다량,2
의뢰,2
작업,2
인간,2
감수,2
세상,2
변동,2
유월,2
판사,2
드린,2
반포대로,2
서요,2
예약,2
십이월,2
출두,2
성인,2
믿음,2
중단,2
직장인,2
신데,2
수입금,2
제재,2
짜리,2
부과,2
여상,2
평가,2
식사,2
매수,2
다섯,2
루트,2
혜택,2
외국,2
재량,2
테이프,2
방금,2
전환,2
거부,2
여러분,2
차이점,2
성명,2
회선,2
교체,2
웨이,2
아까,2
대다수,2
변제,2
활동,2
지출,2
일거,2
은닉죄,2
계시,2
성실,2
학생증,2
구성,2
통상,2
병무청,2
요구서,2
행법,2
계정,2
제시,2
집무,2
우체국,2
판명,2
여의도,2
대검,2
검찰관,2
음질,2
신협,2
방해죄,2
김명철,2
명시,2
대비,2
김성오,2
흐름,2
윈도우즈,2
까지,2
검토,2
당일,2
우남준,2
정황,2
예금주,2
의구심,2
전세금,2
열수,2
출처,2
신변,2
물론,2
부족,2
생활비,2
부대,2
인척,2
대용,2
현황,2
모드,2
진흥,2
발신,2
입각,2
당황,2
취득,2
이월,2
열기,2
사대,2
천안,2
주사,2
분도,2
대출금,2
참고인,2
하반기,2
원숭이띠,2
특사,2
칠만,2
사업자,2
전과자,2
내자,2
소송법,1
해결책,1
모두,1
각자,1
후자,1
안팎,1
누설,1
정식,1
소견,1
서두,1
아르바이트,1
책정,1
전원,1
당장,1
초기,1
작정,1
김광석,1
주인,1
합리,1
사안,1
안정,1
소장,1
육아,1
티엠,1
조태수,1
차량,1
에이,1
자의,1
장치,1
공증,1
경조사,1
퇴직,1
잘못,1
프리랜서,1
정우성,1
강재혁,1
분과,1
지키,1
은행가,1
필기,1
구좌,1
증언,1
파쇄기,1
가위,1
공직자,1
부인,1
아시,1
정이,1
단말,1
행정,1
국적,1
등등,1
조민철,1
자요,1
우린,1
사향,1
중구,1
지하철,1
유동,1
내년,1
전활,1
재등록,1
최후통첩,1
스매싱,1
통첩,1
취후,1
건과,1
허락,1
신용카드,1
주실,1
제께,1
상대측,1
프린터,1
의무,1
암기,1
면전,1
유실,1
드립,1
이지만,1
조선족,1
시데,1
말투,1
명태,1
항이,1
조력자,1
보복,1
종합,1
편의점,1
복면,1
착석,1
불가,1
아무거,1
박상철,1
계약,1
여원,1
플레이스,1
투썸,1
제거,1
불감증,1
법령,1
확장,1
간호사,1
증분,1
이점,1
여분,1
에서,1
살해,1
페이스북,1
시월,1
개통,1
메신저,1
편취,1
한적,1
자야,1
게시,1
축소,1
하소연,1
느낌,1
초행길,1
앞쪽,1
뇌물,1
리창,1
변호인,1
양덕동,1
삼차,1
매출,1
협상,1
설득,1
방향,1
강요,1
전이지,1
성합,1
증시,1
마산시,1
일체,1
수배,1
메모장,1
교환,1
구매자,1
전형,1
자식,1
이기철,1
인물,1
재조사,1
코치,1
회건,1
차비,1
승용차,1
기회,1
조세법,1
사파,1
김재,1
지명,1
건수,1
변장,1
구별,1
여지,1
일행,1
이지철,1
구만,1
장사,1
최소,1
액티브,1
본점,1
한자,1
재무,1
송환,1
선정,1
최장,1
매달,1
보완,1
김재원,1
창고,1
다양,1
피래,1
회사기,1
인정,1
이하일,1
누락,1
국민카드,1
출장,1
공동,1
순수,1
아저씨,1
호안,1
볼일,1
로만,1
집단,1
이제,1
서초,1
위반자,1
학년,1
개강,1
강화,1
지불,1
반면,1
취직,1
범가,1
휴직,1
사시,1
부천,1
염려,1
건설,1
김진섭,1
매스컴,1
시일,1
불안감,1
당고,1
오래,1
인석,1
인권,1
원활,1
의료업,1
휴무,1
음악,1
삼가,1
김성호,1
명단,1
대우,1
닉네임,1
웨어,1
대전광역시,1
대덕,1
가담자,1
청주,1
실거,1
충북,1
두부,1
비교,1
유무,1
재직,1
최태규,1
대포통장,1
고금리,1
취록,1
구로,1
이준석,1
이재홍,1
이벤트,1
공주,1
차원,1
김현식,1
최태호,1
가짜,1
상탠데요,1
독립,1
효과,1
양식,1
재판부,1
사상,1
신재영,1
오실,1
이희,1
갠데,1
학기,1
근사치,1
터무니,1
저금,1
일상,1
명목,1
일방,1
고등,1
원본,1
직간접,1
소지품,1
박진석,1
강호,1
차명,1
온지,1
고향,1
청년,1
이준일,1
박진섭,1
스탠다드,1
타드,1
어딘데요,1
이영남,1
전국구,1
윗집,1
특대,1
일부분,1
도거,1
돈세탁,1
송출,1
메시지,1
고등학생,1
십고,1
비랑,1
학원,1
유리,1
애기자,1
차액,1
구청,1
회의,1
사기죄,1
증권가,1
신문,1
기사,1
주변인,1
실사,1
혼란,1
야기,1
실효,1
언행,1
징역,1
징역형,1
내게,1
무분별,1
계략,1
블로그,1
정의,1
반론,1
변론,1
배우자,1
울타리,1
배제,1
일지,1
인멸,1
수단,1
할애,1
하혈,1
통제,1
성년자,1
참작,1
새해,1
사채업자,1
실행,1
단하,1
즉시,1
양단,1
경증,1
불리,1
친분,1
영문,1
임신,1
법무법인,1
지위,1
감지,1
질의,1
뭘로,1
연예인,1
오식,1
사무국,1
구분,1
문맥,1
문항,1
괄호,1
부동산,1
자동차,1
무고,1
응답,1
징조,1
상품권,1
항공권,1
요금,1
거액,1
충전,1
환전,1
항공,1
배송,1
쓰레기,1
대응,1
팔월,1
불만,1
간격,1
김은정,1
미납,1
결혼,1
결재,1
바꿔치기,1
조작,1
용돈,1
요구사항,1
시간표,1
수상,1
그날,1
출소,1
이진호,1
목포,1
두건,1
노란색,1
별개,1
수화기,1
일곱,1
영화관,1
병행,1
평상,1
피력,1
피눈물,1
기도,1
여럿,1
몸조리,1
진단,1
암호,1
앨범,1
이날,1
부착,1
무작위,1
소수,1
고의,1
청구인,1
완벽,1
대학,1
김태영,1
무사,1
소문,1
압수수색,1
명해,1
평생,1
사칭,1
한전,1
안거,1
게요,1
명찰,1
예고,1
완한,1
인원수,1
각지,1
뒷모습,1
후드,1
그로스,1
스펙,1
청바지,1
디자인,1
현직,1
검가,1
시스템,1
제어,1
가동,1
법대,1
가슴,1
인상,1
텍스,1
이하나,1
비씨,1
비타민,1
물량,1
라다,1
하향,1
제주도,1
말일,1
합산,1
아기,1
인가,1
법무사,1
근심,1
김기현,1
장담,1
주부,1
마이크,1
한빛,1
백억,1
주말,1
미스,1
확률,1
일보,1
재수술,1
스카,1
이현석,1
우리나라,1
공업,1
연장,1
스트레스,1
서해,1
투자,1
명성,1
권장,1
감자,1
부채,1
식당,1
하이힐,1
영향,1
동아리,1
특혜,1
아빠,1
맞춤,1
상의,1
근무지,1
스터디,1
감사,1
상시,1
신체,1
제한,1
얘깁니까,1
추측,1
반복,1
김덕제,1
액수,1
사행,1
일회성,1
그인,1
상자,1
별거,1
왼편,1
교통수단,1
체로,1
돌발,1
무었인지,1
장롱,1
개방,1
통과,1
학생회,1
최악,1
대위,1
트린,1
메세지,1
내부자,1
수동,1
아로,1
김기동,1
순서,1
보조,1
배경,1
텐데요,1
구사,1
체결,1
셀룰러,1
편안,1
계획,1
머니,1
안드로이드,1
지법,1
도보,1
일산,1
서랑,1
완결,1
최지연,1
위쪽,1
이현수,1
월경,1
이면,1
자격,1
인신,1
발음,1
밧데리,1
연급,1
얼만가,1
냉정,1
전후,1
털털이,1
간직,1
조희,1
수사대,1
소상,1
공구,1
찰나,1
채권자,1
채무자,1
근저당,1
네비,1
인단,1
대외,1
어딘가요,1
본가,1
감시,1
충돌,1
나름,1
공제,1
채면,1
인천,1
서감,1
점명,1
문젭니까,1
먼데,1
아파트,1
방송,1
타운,1
행가,1
행복,1
확정시,1
평상시,1
금호,1
맞은편,1
밤새,1
결국,1
이동하,1
번화간데,1
육천,1
이동간,1
인안전,1
김진우,1
건사,1
단장,1
한잔,1
분홍색,1
수치,1
승인,1
프로그램,1
업데이트,1
야간,1
이사건,1
의향,1
적당,1
믿음성,1
영원,1
간사,1
국내,1
반영,1
서로,1
패밀리,1
사모님,1
모순,1
감면,1
기대,1
텔레콤,1
인도,1
법치,1
페이,1
회장,1
김기원,1
김지용,1
구조,1
아이디어,1
무관,1
공일,1
자금줄,1
일단,1
안내문,1
김경희,1
생활고,1
확장자,1
케이비,1
소란,1
선유도,1
에이피,1
전문,1
스포츠,1
대충,1
단소,1
보자,1
월구,1
김희영,1
얼만지,1
경도,1
케이티,1
고도,1
최하,1
불입금,1
하나님,1
풍경,1
조건,1
시고,1
구이라,1
수습,1
반납,1
영창,1
불응,1
스미,1
제품,1
호환,1
다리,1
후안,1
안자,1
도어,1
천당,1
초구,1
교대역,1
공용,1
서버,1
어본,1
스팸,1
예제,1
김준혁,1
외사부,1
저것,1
인력,1
외사,1
번지,1
물정,1
연루자,1
중복,1
이동명,1
팬시점,1
문구점,1
애플,1
이나,1
타부,1
우편물,1
부담,1
양반,1
대중,1
아서,1
치매,1
자치,1
철사,1
장단점,1
애자,1
상태기,1
산점,1
드리,1
수차,1
알엘,1
후면,1
신경질,1
성격,1
카테고리,1
수산,1
더블,1
불입,1
은멸,1
랭크,1
미트,1
연행,1
모닝,1
글로리,1
서식,1
좌우,1
측정,1
오천,1
터치,1
다이렉트,1
일요일,1
엔터,1
위원장,1
공백,1
하달,1
만나,1
인세,1
수감자,1
장기,1
투리,1
융통,1
억대,1
정치,1
대표자,1
미란다,1
수준,1
현금화,1
안산,1
크기,1
습수,1
핵심,1
청서,1
아무,1
닷컴,1
위안,1
소문자,1
스펠링,1
골뱅이,1
이직,1
한쪽,1
남기,1
지연,1
캡처,1
규모,1
주문,1
음료,1
모금,1
민규,1
지휘,1
건가,1
생소,1
대외비,1
여기저기,1
언급,1
극비,1
조폭,1
은희,1
마약,1
고액권,1
예방,1
위장약,1
김태한,1
살리,1
하난데,1
김가람,1
서른,1
완전,1
에는,1
커뮤니티,1
김명석,1
김도영,1
김희선,1
양덕,1
동점,1
교통카드,1
어머님께,1
해요,1
수천만,1
연세,1
부당,1
연쇄,1
마켓,1
탈취,1
흠집,1
송취,1
관리자,1
영등포,1
이슈,1
스컴,1
조은,1
도로,1
문서화,1
연기,1
고거,1
이성민,1
대구은행,1
주세요,1
수리,1
전산망,1
범법자,1
폐지,1
뒷면,1
제안,1
전문가,1
넘버,1
비유,1
마찬가집니다,1
결탁,1
발포,1
건당,1
위장,1
사도,1
공직,1
오랫동안,1
려고,1
김영,1
산상,1
김영철,1
집안,1
기업인,1
금만,1
산업,1
관권,1
김태현,1
라고,1
매치,1
장수,1
제사,1
김주혁,1
원연,1
패키지,1
라도이,1
성공,1
김태호,1
부품,1
국비,1
단요,1
김형종,1
서나,1
비행기,1
쓰시,1
여건,1
어필,1
대사,1
이래,1
저쪽,1
김찬희,1
센타,1
태강,1
정치인,1
아버,1
본의,1
김영희,1
상탠,1
신태성,1
멸죄,1
형범,1
최민지,1
죄수,1
김태훈,1
아시나,1
맥락,1
도합,1
의도,1
가어,1
치과,1
직통,1
이치,1
공장,1
모르,1
보상법,1
에이에스,1
자살,1
감액,1
금이,1
구나,1
요약,1
